trades,win_rate_pct,net_pnl_inr,profit_factor,expectancy_inr,strategy,direction
54,37.0,-2004.45,1.22,-37.12,TrendFollowing,SELL
46,23.9,-7823.89,0.71,-170.08,TrendFollowing,BUY
6,50.0,-982.05,0.79,-163.67,OpeningRangeBreakout,SELL
7,28.6,-1370.67,0.69,-195.81,OpeningRangeBreakout,BUY
1,0.0,-426.22,0.0,-426.22,VWAPMeanReversion,SELL
17,17.6,-3121.85,0.63,-183.64,VolatilityBreakout,BUY
13,15.4,-3717.52,0.14,-285.96,VolatilityBreakout,SELL
26,30.8,-5141.31,0.72,-197.74,DonchianBreakout,BUY
19,52.6,3187.39,1.94,167.76,DonchianBreakout,SELL
